forecast_date,target,target_end_date,location,location_name,type,quantile,value
2021-02-22,-1 wk ahead inc death,2021-02-13,GM04,Free Hanseatic City of Hamburg,observed,NA,48
2021-02-22,0 wk ahead inc death,2021-02-20,GM04,Free Hanseatic City of Hamburg,observed,NA,28
2021-02-22,1 wk ahead inc death,2021-02-27,GM04,Free Hanseatic City of Hamburg,point,NA,38
2021-02-22,1 wk ahead inc death,2021-02-27,GM04,Free Hanseatic City of Hamburg,quantile,0.01,36
2021-02-22,1 wk ahead inc death,2021-02-27,GM04,Free Hanseatic City of Hamburg,quantile,0.025,36
2021-02-22,1 wk ahead inc death,2021-02-27,GM04,Free Hanseatic City of Hamburg,quantile,0.05,37
2021-02-22,1 wk ahead inc death,2021-02-27,GM04,Free Hanseatic City of Hamburg,quantile,0.1,37
2021-02-22,1 wk ahead inc death,2021-02-27,GM04,Free Hanseatic City of Hamburg,quantile,0.15,37
2021-02-22,1 wk ahead inc death,2021-02-27,GM04,Free Hanseatic City of Hamburg,quantile,0.2,37
2021-02-22,1 wk ahead inc death,2021-02-27,GM04,Free Hanseatic City of Hamburg,quantile,0.25,37
2021-02-22,1 wk ahead inc death,2021-02-27,GM04,Free Hanseatic City of Hamburg,quantile,0.3,38
2021-02-22,1 wk ahead inc death,2021-02-27,GM04,Free Hanseatic City of Hamburg,quantile,0.35,38
2021-02-22,1 wk ahead inc death,2021-02-27,GM04,Free Hanseatic City of Hamburg,quantile,0.4,38
2021-02-22,1 wk ahead inc death,2021-02-27,GM04,Free Hanseatic City of Hamburg,quantile,0.45,38
2021-02-22,1 wk ahead inc death,2021-02-27,GM04,Free Hanseatic City of Hamburg,quantile,0.5,38
2021-02-22,1 wk ahead inc death,2021-02-27,GM04,Free Hanseatic City of Hamburg,quantile,0.55,38
2021-02-22,1 wk ahead inc death,2021-02-27,GM04,Free Hanseatic City of Hamburg,quantile,0.6,38
2021-02-22,1 wk ahead inc death,2021-02-27,GM04,Free Hanseatic City of Hamburg,quantile,0.65,38
2021-02-22,1 wk ahead inc death,2021-02-27,GM04,Free Hanseatic City of Hamburg,quantile,0.7,39
2021-02-22,1 wk ahead inc death,2021-02-27,GM04,Free Hanseatic City of Hamburg,quantile,0.75,39
2021-02-22,1 wk ahead inc death,2021-02-27,GM04,Free Hanseatic City of Hamburg,quantile,0.8,39
2021-02-22,1 wk ahead inc death,2021-02-27,GM04,Free Hanseatic City of Hamburg,quantile,0.85,39
2021-02-22,1 wk ahead inc death,2021-02-27,GM04,Free Hanseatic City of Hamburg,quantile,0.9,39
2021-02-22,1 wk ahead inc death,2021-02-27,GM04,Free Hanseatic City of Hamburg,quantile,0.95,40
2021-02-22,1 wk ahead inc death,2021-02-27,GM04,Free Hanseatic City of Hamburg,quantile,0.975,40
2021-02-22,1 wk ahead inc death,2021-02-27,GM04,Free Hanseatic City of Hamburg,quantile,0.99,41
2021-02-22,2 wk ahead inc death,2021-03-06,GM04,Free Hanseatic City of Hamburg,point,NA,36
2021-02-22,2 wk ahead inc death,2021-03-06,GM04,Free Hanseatic City of Hamburg,quantile,0.01,32
2021-02-22,2 wk ahead inc death,2021-03-06,GM04,Free Hanseatic City of Hamburg,quantile,0.025,33
2021-02-22,2 wk ahead inc death,2021-03-06,GM04,Free Hanseatic City of Hamburg,quantile,0.05,33
2021-02-22,2 wk ahead inc death,2021-03-06,GM04,Free Hanseatic City of Hamburg,quantile,0.1,34
2021-02-22,2 wk ahead inc death,2021-03-06,GM04,Free Hanseatic City of Hamburg,quantile,0.15,34
2021-02-22,2 wk ahead inc death,2021-03-06,GM04,Free Hanseatic City of Hamburg,quantile,0.2,34
2021-02-22,2 wk ahead inc death,2021-03-06,GM04,Free Hanseatic City of Hamburg,quantile,0.25,35
2021-02-22,2 wk ahead inc death,2021-03-06,GM04,Free Hanseatic City of Hamburg,quantile,0.3,35
2021-02-22,2 wk ahead inc death,2021-03-06,GM04,Free Hanseatic City of Hamburg,quantile,0.35,35
2021-02-22,2 wk ahead inc death,2021-03-06,GM04,Free Hanseatic City of Hamburg,quantile,0.4,35
2021-02-22,2 wk ahead inc death,2021-03-06,GM04,Free Hanseatic City of Hamburg,quantile,0.45,36
2021-02-22,2 wk ahead inc death,2021-03-06,GM04,Free Hanseatic City of Hamburg,quantile,0.5,36
2021-02-22,2 wk ahead inc death,2021-03-06,GM04,Free Hanseatic City of Hamburg,quantile,0.55,36
2021-02-22,2 wk ahead inc death,2021-03-06,GM04,Free Hanseatic City of Hamburg,quantile,0.6,37
2021-02-22,2 wk ahead inc death,2021-03-06,GM04,Free Hanseatic City of Hamburg,quantile,0.65,37
2021-02-22,2 wk ahead inc death,2021-03-06,GM04,Free Hanseatic City of Hamburg,quantile,0.7,37
2021-02-22,2 wk ahead inc death,2021-03-06,GM04,Free Hanseatic City of Hamburg,quantile,0.75,37
2021-02-22,2 wk ahead inc death,2021-03-06,GM04,Free Hanseatic City of Hamburg,quantile,0.8,38
2021-02-22,2 wk ahead inc death,2021-03-06,GM04,Free Hanseatic City of Hamburg,quantile,0.85,38
2021-02-22,2 wk ahead inc death,2021-03-06,GM04,Free Hanseatic City of Hamburg,quantile,0.9,38
2021-02-22,2 wk ahead inc death,2021-03-06,GM04,Free Hanseatic City of Hamburg,quantile,0.95,40
2021-02-22,2 wk ahead inc death,2021-03-06,GM04,Free Hanseatic City of Hamburg,quantile,0.975,41
2021-02-22,2 wk ahead inc death,2021-03-06,GM04,Free Hanseatic City of Hamburg,quantile,0.99,42
2021-02-22,3 wk ahead inc death,2021-03-13,GM04,Free Hanseatic City of Hamburg,point,NA,34
2021-02-22,3 wk ahead inc death,2021-03-13,GM04,Free Hanseatic City of Hamburg,quantile,0.01,28
2021-02-22,3 wk ahead inc death,2021-03-13,GM04,Free Hanseatic City of Hamburg,quantile,0.025,29
2021-02-22,3 wk ahead inc death,2021-03-13,GM04,Free Hanseatic City of Hamburg,quantile,0.05,30
2021-02-22,3 wk ahead inc death,2021-03-13,GM04,Free Hanseatic City of Hamburg,quantile,0.1,30
2021-02-22,3 wk ahead inc death,2021-03-13,GM04,Free Hanseatic City of Hamburg,quantile,0.15,31
2021-02-22,3 wk ahead inc death,2021-03-13,GM04,Free Hanseatic City of Hamburg,quantile,0.2,32
2021-02-22,3 wk ahead inc death,2021-03-13,GM04,Free Hanseatic City of Hamburg,quantile,0.25,32
2021-02-22,3 wk ahead inc death,2021-03-13,GM04,Free Hanseatic City of Hamburg,quantile,0.3,32
2021-02-22,3 wk ahead inc death,2021-03-13,GM04,Free Hanseatic City of Hamburg,quantile,0.35,33
2021-02-22,3 wk ahead inc death,2021-03-13,GM04,Free Hanseatic City of Hamburg,quantile,0.4,33
2021-02-22,3 wk ahead inc death,2021-03-13,GM04,Free Hanseatic City of Hamburg,quantile,0.45,33
2021-02-22,3 wk ahead inc death,2021-03-13,GM04,Free Hanseatic City of Hamburg,quantile,0.5,34
2021-02-22,3 wk ahead inc death,2021-03-13,GM04,Free Hanseatic City of Hamburg,quantile,0.55,35
2021-02-22,3 wk ahead inc death,2021-03-13,GM04,Free Hanseatic City of Hamburg,quantile,0.6,35
2021-02-22,3 wk ahead inc death,2021-03-13,GM04,Free Hanseatic City of Hamburg,quantile,0.65,35
2021-02-22,3 wk ahead inc death,2021-03-13,GM04,Free Hanseatic City of Hamburg,quantile,0.7,36
2021-02-22,3 wk ahead inc death,2021-03-13,GM04,Free Hanseatic City of Hamburg,quantile,0.75,36
2021-02-22,3 wk ahead inc death,2021-03-13,GM04,Free Hanseatic City of Hamburg,quantile,0.8,36
2021-02-22,3 wk ahead inc death,2021-03-13,GM04,Free Hanseatic City of Hamburg,quantile,0.85,37
2021-02-22,3 wk ahead inc death,2021-03-13,GM04,Free Hanseatic City of Hamburg,quantile,0.9,38
2021-02-22,3 wk ahead inc death,2021-03-13,GM04,Free Hanseatic City of Hamburg,quantile,0.95,40
2021-02-22,3 wk ahead inc death,2021-03-13,GM04,Free Hanseatic City of Hamburg,quantile,0.975,41
2021-02-22,3 wk ahead inc death,2021-03-13,GM04,Free Hanseatic City of Hamburg,quantile,0.99,43
2021-02-22,4 wk ahead inc death,2021-03-20,GM04,Free Hanseatic City of Hamburg,point,NA,32
2021-02-22,4 wk ahead inc death,2021-03-20,GM04,Free Hanseatic City of Hamburg,quantile,0.01,25
2021-02-22,4 wk ahead inc death,2021-03-20,GM04,Free Hanseatic City of Hamburg,quantile,0.025,26
2021-02-22,4 wk ahead inc death,2021-03-20,GM04,Free Hanseatic City of Hamburg,quantile,0.05,27
2021-02-22,4 wk ahead inc death,2021-03-20,GM04,Free Hanseatic City of Hamburg,quantile,0.1,27
2021-02-22,4 wk ahead inc death,2021-03-20,GM04,Free Hanseatic City of Hamburg,quantile,0.15,28
2021-02-22,4 wk ahead inc death,2021-03-20,GM04,Free Hanseatic City of Hamburg,quantile,0.2,29
2021-02-22,4 wk ahead inc death,2021-03-20,GM04,Free Hanseatic City of Hamburg,quantile,0.25,30
2021-02-22,4 wk ahead inc death,2021-03-20,GM04,Free Hanseatic City of Hamburg,quantile,0.3,30
2021-02-22,4 wk ahead inc death,2021-03-20,GM04,Free Hanseatic City of Hamburg,quantile,0.35,30
2021-02-22,4 wk ahead inc death,2021-03-20,GM04,Free Hanseatic City of Hamburg,quantile,0.4,31
2021-02-22,4 wk ahead inc death,2021-03-20,GM04,Free Hanseatic City of Hamburg,quantile,0.45,31
2021-02-22,4 wk ahead inc death,2021-03-20,GM04,Free Hanseatic City of Hamburg,quantile,0.5,32
2021-02-22,4 wk ahead inc death,2021-03-20,GM04,Free Hanseatic City of Hamburg,quantile,0.55,33
2021-02-22,4 wk ahead inc death,2021-03-20,GM04,Free Hanseatic City of Hamburg,quantile,0.6,33
2021-02-22,4 wk ahead inc death,2021-03-20,GM04,Free Hanseatic City of Hamburg,quantile,0.65,34
2021-02-22,4 wk ahead inc death,2021-03-20,GM04,Free Hanseatic City of Hamburg,quantile,0.7,34
2021-02-22,4 wk ahead inc death,2021-03-20,GM04,Free Hanseatic City of Hamburg,quantile,0.75,35
2021-02-22,4 wk ahead inc death,2021-03-20,GM04,Free Hanseatic City of Hamburg,quantile,0.8,35
2021-02-22,4 wk ahead inc death,2021-03-20,GM04,Free Hanseatic City of Hamburg,quantile,0.85,36
2021-02-22,4 wk ahead inc death,2021-03-20,GM04,Free Hanseatic City of Hamburg,quantile,0.9,37
2021-02-22,4 wk ahead inc death,2021-03-20,GM04,Free Hanseatic City of Hamburg,quantile,0.95,40
2021-02-22,4 wk ahead inc death,2021-03-20,GM04,Free Hanseatic City of Hamburg,quantile,0.975,42
2021-02-22,4 wk ahead inc death,2021-03-20,GM04,Free Hanseatic City of Hamburg,quantile,0.99,45
2021-02-22,-1 wk ahead cum death,2021-02-13,GM04,Free Hanseatic City of Hamburg,observed,NA,1188
2021-02-22,0 wk ahead cum death,2021-02-20,GM04,Free Hanseatic City of Hamburg,observed,NA,1216
2021-02-22,1 wk ahead cum death,2021-02-27,GM04,Free Hanseatic City of Hamburg,point,NA,1262
2021-02-22,1 wk ahead cum death,2021-02-27,GM04,Free Hanseatic City of Hamburg,quantile,0.01,1260
2021-02-22,1 wk ahead cum death,2021-02-27,GM04,Free Hanseatic City of Hamburg,quantile,0.025,1260
2021-02-22,1 wk ahead cum death,2021-02-27,GM04,Free Hanseatic City of Hamburg,quantile,0.05,1260
2021-02-22,1 wk ahead cum death,2021-02-27,GM04,Free Hanseatic City of Hamburg,quantile,0.1,1261
2021-02-22,1 wk ahead cum death,2021-02-27,GM04,Free Hanseatic City of Hamburg,quantile,0.15,1261
2021-02-22,1 wk ahead cum death,2021-02-27,GM04,Free Hanseatic City of Hamburg,quantile,0.2,1261
2021-02-22,1 wk ahead cum death,2021-02-27,GM04,Free Hanseatic City of Hamburg,quantile,0.25,1261
2021-02-22,1 wk ahead cum death,2021-02-27,GM04,Free Hanseatic City of Hamburg,quantile,0.3,1261
2021-02-22,1 wk ahead cum death,2021-02-27,GM04,Free Hanseatic City of Hamburg,quantile,0.35,1262
2021-02-22,1 wk ahead cum death,2021-02-27,GM04,Free Hanseatic City of Hamburg,quantile,0.4,1262
2021-02-22,1 wk ahead cum death,2021-02-27,GM04,Free Hanseatic City of Hamburg,quantile,0.45,1262
2021-02-22,1 wk ahead cum death,2021-02-27,GM04,Free Hanseatic City of Hamburg,quantile,0.5,1262
2021-02-22,1 wk ahead cum death,2021-02-27,GM04,Free Hanseatic City of Hamburg,quantile,0.55,1262
2021-02-22,1 wk ahead cum death,2021-02-27,GM04,Free Hanseatic City of Hamburg,quantile,0.6,1262
2021-02-22,1 wk ahead cum death,2021-02-27,GM04,Free Hanseatic City of Hamburg,quantile,0.65,1262
2021-02-22,1 wk ahead cum death,2021-02-27,GM04,Free Hanseatic City of Hamburg,quantile,0.7,1262
2021-02-22,1 wk ahead cum death,2021-02-27,GM04,Free Hanseatic City of Hamburg,quantile,0.75,1263
2021-02-22,1 wk ahead cum death,2021-02-27,GM04,Free Hanseatic City of Hamburg,quantile,0.8,1263
2021-02-22,1 wk ahead cum death,2021-02-27,GM04,Free Hanseatic City of Hamburg,quantile,0.85,1263
2021-02-22,1 wk ahead cum death,2021-02-27,GM04,Free Hanseatic City of Hamburg,quantile,0.9,1263
2021-02-22,1 wk ahead cum death,2021-02-27,GM04,Free Hanseatic City of Hamburg,quantile,0.95,1264
2021-02-22,1 wk ahead cum death,2021-02-27,GM04,Free Hanseatic City of Hamburg,quantile,0.975,1264
2021-02-22,1 wk ahead cum death,2021-02-27,GM04,Free Hanseatic City of Hamburg,quantile,0.99,1265
2021-02-22,2 wk ahead cum death,2021-03-06,GM04,Free Hanseatic City of Hamburg,point,NA,1298
2021-02-22,2 wk ahead cum death,2021-03-06,GM04,Free Hanseatic City of Hamburg,quantile,0.01,1292
2021-02-22,2 wk ahead cum death,2021-03-06,GM04,Free Hanseatic City of Hamburg,quantile,0.025,1293
2021-02-22,2 wk ahead cum death,2021-03-06,GM04,Free Hanseatic City of Hamburg,quantile,0.05,1293
2021-02-22,2 wk ahead cum death,2021-03-06,GM04,Free Hanseatic City of Hamburg,quantile,0.1,1294
2021-02-22,2 wk ahead cum death,2021-03-06,GM04,Free Hanseatic City of Hamburg,quantile,0.15,1295
2021-02-22,2 wk ahead cum death,2021-03-06,GM04,Free Hanseatic City of Hamburg,quantile,0.2,1296
2021-02-22,2 wk ahead cum death,2021-03-06,GM04,Free Hanseatic City of Hamburg,quantile,0.25,1296
2021-02-22,2 wk ahead cum death,2021-03-06,GM04,Free Hanseatic City of Hamburg,quantile,0.3,1296
2021-02-22,2 wk ahead cum death,2021-03-06,GM04,Free Hanseatic City of Hamburg,quantile,0.35,1297
2021-02-22,2 wk ahead cum death,2021-03-06,GM04,Free Hanseatic City of Hamburg,quantile,0.4,1297
2021-02-22,2 wk ahead cum death,2021-03-06,GM04,Free Hanseatic City of Hamburg,quantile,0.45,1297
2021-02-22,2 wk ahead cum death,2021-03-06,GM04,Free Hanseatic City of Hamburg,quantile,0.5,1298
2021-02-22,2 wk ahead cum death,2021-03-06,GM04,Free Hanseatic City of Hamburg,quantile,0.55,1298
2021-02-22,2 wk ahead cum death,2021-03-06,GM04,Free Hanseatic City of Hamburg,quantile,0.6,1299
2021-02-22,2 wk ahead cum death,2021-03-06,GM04,Free Hanseatic City of Hamburg,quantile,0.65,1299
2021-02-22,2 wk ahead cum death,2021-03-06,GM04,Free Hanseatic City of Hamburg,quantile,0.7,1300
2021-02-22,2 wk ahead cum death,2021-03-06,GM04,Free Hanseatic City of Hamburg,quantile,0.75,1300
2021-02-22,2 wk ahead cum death,2021-03-06,GM04,Free Hanseatic City of Hamburg,quantile,0.8,1300
2021-02-22,2 wk ahead cum death,2021-03-06,GM04,Free Hanseatic City of Hamburg,quantile,0.85,1301
2021-02-22,2 wk ahead cum death,2021-03-06,GM04,Free Hanseatic City of Hamburg,quantile,0.9,1302
2021-02-22,2 wk ahead cum death,2021-03-06,GM04,Free Hanseatic City of Hamburg,quantile,0.95,1303
2021-02-22,2 wk ahead cum death,2021-03-06,GM04,Free Hanseatic City of Hamburg,quantile,0.975,1305
2021-02-22,2 wk ahead cum death,2021-03-06,GM04,Free Hanseatic City of Hamburg,quantile,0.99,1306
2021-02-22,3 wk ahead cum death,2021-03-13,GM04,Free Hanseatic City of Hamburg,point,NA,1332
2021-02-22,3 wk ahead cum death,2021-03-13,GM04,Free Hanseatic City of Hamburg,quantile,0.01,1320
2021-02-22,3 wk ahead cum death,2021-03-13,GM04,Free Hanseatic City of Hamburg,quantile,0.025,1322
2021-02-22,3 wk ahead cum death,2021-03-13,GM04,Free Hanseatic City of Hamburg,quantile,0.05,1323
2021-02-22,3 wk ahead cum death,2021-03-13,GM04,Free Hanseatic City of Hamburg,quantile,0.1,1325
2021-02-22,3 wk ahead cum death,2021-03-13,GM04,Free Hanseatic City of Hamburg,quantile,0.15,1326
2021-02-22,3 wk ahead cum death,2021-03-13,GM04,Free Hanseatic City of Hamburg,quantile,0.2,1327
2021-02-22,3 wk ahead cum death,2021-03-13,GM04,Free Hanseatic City of Hamburg,quantile,0.25,1328
2021-02-22,3 wk ahead cum death,2021-03-13,GM04,Free Hanseatic City of Hamburg,quantile,0.3,1329
2021-02-22,3 wk ahead cum death,2021-03-13,GM04,Free Hanseatic City of Hamburg,quantile,0.35,1330
2021-02-22,3 wk ahead cum death,2021-03-13,GM04,Free Hanseatic City of Hamburg,quantile,0.4,1330
2021-02-22,3 wk ahead cum death,2021-03-13,GM04,Free Hanseatic City of Hamburg,quantile,0.45,1331
2021-02-22,3 wk ahead cum death,2021-03-13,GM04,Free Hanseatic City of Hamburg,quantile,0.5,1332
2021-02-22,3 wk ahead cum death,2021-03-13,GM04,Free Hanseatic City of Hamburg,quantile,0.55,1333
2021-02-22,3 wk ahead cum death,2021-03-13,GM04,Free Hanseatic City of Hamburg,quantile,0.6,1333
2021-02-22,3 wk ahead cum death,2021-03-13,GM04,Free Hanseatic City of Hamburg,quantile,0.65,1334
2021-02-22,3 wk ahead cum death,2021-03-13,GM04,Free Hanseatic City of Hamburg,quantile,0.7,1335
2021-02-22,3 wk ahead cum death,2021-03-13,GM04,Free Hanseatic City of Hamburg,quantile,0.75,1336
2021-02-22,3 wk ahead cum death,2021-03-13,GM04,Free Hanseatic City of Hamburg,quantile,0.8,1337
2021-02-22,3 wk ahead cum death,2021-03-13,GM04,Free Hanseatic City of Hamburg,quantile,0.85,1338
2021-02-22,3 wk ahead cum death,2021-03-13,GM04,Free Hanseatic City of Hamburg,quantile,0.9,1339
2021-02-22,3 wk ahead cum death,2021-03-13,GM04,Free Hanseatic City of Hamburg,quantile,0.95,1343
2021-02-22,3 wk ahead cum death,2021-03-13,GM04,Free Hanseatic City of Hamburg,quantile,0.975,1346
2021-02-22,3 wk ahead cum death,2021-03-13,GM04,Free Hanseatic City of Hamburg,quantile,0.99,1349
2021-02-22,4 wk ahead cum death,2021-03-20,GM04,Free Hanseatic City of Hamburg,point,NA,1364
2021-02-22,4 wk ahead cum death,2021-03-20,GM04,Free Hanseatic City of Hamburg,quantile,0.01,1345
2021-02-22,4 wk ahead cum death,2021-03-20,GM04,Free Hanseatic City of Hamburg,quantile,0.025,1347
2021-02-22,4 wk ahead cum death,2021-03-20,GM04,Free Hanseatic City of Hamburg,quantile,0.05,1350
2021-02-22,4 wk ahead cum death,2021-03-20,GM04,Free Hanseatic City of Hamburg,quantile,0.1,1352
2021-02-22,4 wk ahead cum death,2021-03-20,GM04,Free Hanseatic City of Hamburg,quantile,0.15,1354
2021-02-22,4 wk ahead cum death,2021-03-20,GM04,Free Hanseatic City of Hamburg,quantile,0.2,1357
2021-02-22,4 wk ahead cum death,2021-03-20,GM04,Free Hanseatic City of Hamburg,quantile,0.25,1358
2021-02-22,4 wk ahead cum death,2021-03-20,GM04,Free Hanseatic City of Hamburg,quantile,0.3,1359
2021-02-22,4 wk ahead cum death,2021-03-20,GM04,Free Hanseatic City of Hamburg,quantile,0.35,1360
2021-02-22,4 wk ahead cum death,2021-03-20,GM04,Free Hanseatic City of Hamburg,quantile,0.4,1361
2021-02-22,4 wk ahead cum death,2021-03-20,GM04,Free Hanseatic City of Hamburg,quantile,0.45,1362
2021-02-22,4 wk ahead cum death,2021-03-20,GM04,Free Hanseatic City of Hamburg,quantile,0.5,1364
2021-02-22,4 wk ahead cum death,2021-03-20,GM04,Free Hanseatic City of Hamburg,quantile,0.55,1366
2021-02-22,4 wk ahead cum death,2021-03-20,GM04,Free Hanseatic City of Hamburg,quantile,0.6,1366
2021-02-22,4 wk ahead cum death,2021-03-20,GM04,Free Hanseatic City of Hamburg,quantile,0.65,1368
2021-02-22,4 wk ahead cum death,2021-03-20,GM04,Free Hanseatic City of Hamburg,quantile,0.7,1370
2021-02-22,4 wk ahead cum death,2021-03-20,GM04,Free Hanseatic City of Hamburg,quantile,0.75,1371
2021-02-22,4 wk ahead cum death,2021-03-20,GM04,Free Hanseatic City of Hamburg,quantile,0.8,1372
2021-02-22,4 wk ahead cum death,2021-03-20,GM04,Free Hanseatic City of Hamburg,quantile,0.85,1374
2021-02-22,4 wk ahead cum death,2021-03-20,GM04,Free Hanseatic City of Hamburg,quantile,0.9,1377
2021-02-22,4 wk ahead cum death,2021-03-20,GM04,Free Hanseatic City of Hamburg,quantile,0.95,1383
2021-02-22,4 wk ahead cum death,2021-03-20,GM04,Free Hanseatic City of Hamburg,quantile,0.975,1388
2021-02-22,4 wk ahead cum death,2021-03-20,GM04,Free Hanseatic City of Hamburg,quantile,0.99,1394
2021-02-22,-1 wk ahead inc death,2021-02-13,GM09,Saarland State,observed,NA,39
2021-02-22,0 wk ahead inc death,2021-02-20,GM09,Saarland State,observed,NA,34
2021-02-22,1 wk ahead inc death,2021-02-27,GM09,Saarland State,point,NA,20
2021-02-22,1 wk ahead inc death,2021-02-27,GM09,Saarland State,quantile,0.01,17
2021-02-22,1 wk ahead inc death,2021-02-27,GM09,Saarland State,quantile,0.025,18
2021-02-22,1 wk ahead inc death,2021-02-27,GM09,Saarland State,quantile,0.05,18
2021-02-22,1 wk ahead inc death,2021-02-27,GM09,Saarland State,quantile,0.1,18
2021-02-22,1 wk ahead inc death,2021-02-27,GM09,Saarland State,quantile,0.15,19
2021-02-22,1 wk ahead inc death,2021-02-27,GM09,Saarland State,quantile,0.2,19
2021-02-22,1 wk ahead inc death,2021-02-27,GM09,Saarland State,quantile,0.25,19
2021-02-22,1 wk ahead inc death,2021-02-27,GM09,Saarland State,quantile,0.3,19
2021-02-22,1 wk ahead inc death,2021-02-27,GM09,Saarland State,quantile,0.35,20
2021-02-22,1 wk ahead inc death,2021-02-27,GM09,Saarland State,quantile,0.4,20
2021-02-22,1 wk ahead inc death,2021-02-27,GM09,Saarland State,quantile,0.45,20
2021-02-22,1 wk ahead inc death,2021-02-27,GM09,Saarland State,quantile,0.5,20
2021-02-22,1 wk ahead inc death,2021-02-27,GM09,Saarland State,quantile,0.55,20
2021-02-22,1 wk ahead inc death,2021-02-27,GM09,Saarland State,quantile,0.6,21
2021-02-22,1 wk ahead inc death,2021-02-27,GM09,Saarland State,quantile,0.65,21
2021-02-22,1 wk ahead inc death,2021-02-27,GM09,Saarland State,quantile,0.7,21
2021-02-22,1 wk ahead inc death,2021-02-27,GM09,Saarland State,quantile,0.75,21
2021-02-22,1 wk ahead inc death,2021-02-27,GM09,Saarland State,quantile,0.8,21
2021-02-22,1 wk ahead inc death,2021-02-27,GM09,Saarland State,quantile,0.85,21
2021-02-22,1 wk ahead inc death,2021-02-27,GM09,Saarland State,quantile,0.9,22
2021-02-22,1 wk ahead inc death,2021-02-27,GM09,Saarland State,quantile,0.95,22
2021-02-22,1 wk ahead inc death,2021-02-27,GM09,Saarland State,quantile,0.975,22
2021-02-22,1 wk ahead inc death,2021-02-27,GM09,Saarland State,quantile,0.99,23
2021-02-22,2 wk ahead inc death,2021-03-06,GM09,Saarland State,point,NA,14
2021-02-22,2 wk ahead inc death,2021-03-06,GM09,Saarland State,quantile,0.01,9
2021-02-22,2 wk ahead inc death,2021-03-06,GM09,Saarland State,quantile,0.025,10
2021-02-22,2 wk ahead inc death,2021-03-06,GM09,Saarland State,quantile,0.05,10
2021-02-22,2 wk ahead inc death,2021-03-06,GM09,Saarland State,quantile,0.1,11
2021-02-22,2 wk ahead inc death,2021-03-06,GM09,Saarland State,quantile,0.15,11
2021-02-22,2 wk ahead inc death,2021-03-06,GM09,Saarland State,quantile,0.2,12
2021-02-22,2 wk ahead inc death,2021-03-06,GM09,Saarland State,quantile,0.25,12
2021-02-22,2 wk ahead inc death,2021-03-06,GM09,Saarland State,quantile,0.3,12
2021-02-22,2 wk ahead inc death,2021-03-06,GM09,Saarland State,quantile,0.35,13
2021-02-22,2 wk ahead inc death,2021-03-06,GM09,Saarland State,quantile,0.4,13
2021-02-22,2 wk ahead inc death,2021-03-06,GM09,Saarland State,quantile,0.45,13
2021-02-22,2 wk ahead inc death,2021-03-06,GM09,Saarland State,quantile,0.5,14
2021-02-22,2 wk ahead inc death,2021-03-06,GM09,Saarland State,quantile,0.55,14
2021-02-22,2 wk ahead inc death,2021-03-06,GM09,Saarland State,quantile,0.6,14
2021-02-22,2 wk ahead inc death,2021-03-06,GM09,Saarland State,quantile,0.65,14
2021-02-22,2 wk ahead inc death,2021-03-06,GM09,Saarland State,quantile,0.7,15
2021-02-22,2 wk ahead inc death,2021-03-06,GM09,Saarland State,quantile,0.75,15
2021-02-22,2 wk ahead inc death,2021-03-06,GM09,Saarland State,quantile,0.8,15
2021-02-22,2 wk ahead inc death,2021-03-06,GM09,Saarland State,quantile,0.85,16
2021-02-22,2 wk ahead inc death,2021-03-06,GM09,Saarland State,quantile,0.9,16
2021-02-22,2 wk ahead inc death,2021-03-06,GM09,Saarland State,quantile,0.95,16
2021-02-22,2 wk ahead inc death,2021-03-06,GM09,Saarland State,quantile,0.975,17
2021-02-22,2 wk ahead inc death,2021-03-06,GM09,Saarland State,quantile,0.99,17
2021-02-22,3 wk ahead inc death,2021-03-13,GM09,Saarland State,point,NA,9
2021-02-22,3 wk ahead inc death,2021-03-13,GM09,Saarland State,quantile,0.01,5
2021-02-22,3 wk ahead inc death,2021-03-13,GM09,Saarland State,quantile,0.025,5
2021-02-22,3 wk ahead inc death,2021-03-13,GM09,Saarland State,quantile,0.05,6
2021-02-22,3 wk ahead inc death,2021-03-13,GM09,Saarland State,quantile,0.1,6
2021-02-22,3 wk ahead inc death,2021-03-13,GM09,Saarland State,quantile,0.15,7
2021-02-22,3 wk ahead inc death,2021-03-13,GM09,Saarland State,quantile,0.2,7
2021-02-22,3 wk ahead inc death,2021-03-13,GM09,Saarland State,quantile,0.25,8
2021-02-22,3 wk ahead inc death,2021-03-13,GM09,Saarland State,quantile,0.3,8
2021-02-22,3 wk ahead inc death,2021-03-13,GM09,Saarland State,quantile,0.35,8
2021-02-22,3 wk ahead inc death,2021-03-13,GM09,Saarland State,quantile,0.4,9
2021-02-22,3 wk ahead inc death,2021-03-13,GM09,Saarland State,quantile,0.45,9
2021-02-22,3 wk ahead inc death,2021-03-13,GM09,Saarland State,quantile,0.5,9
2021-02-22,3 wk ahead inc death,2021-03-13,GM09,Saarland State,quantile,0.55,9
2021-02-22,3 wk ahead inc death,2021-03-13,GM09,Saarland State,quantile,0.6,10
2021-02-22,3 wk ahead inc death,2021-03-13,GM09,Saarland State,quantile,0.65,10
2021-02-22,3 wk ahead inc death,2021-03-13,GM09,Saarland State,quantile,0.7,10
2021-02-22,3 wk ahead inc death,2021-03-13,GM09,Saarland State,quantile,0.75,10
2021-02-22,3 wk ahead inc death,2021-03-13,GM09,Saarland State,quantile,0.8,11
2021-02-22,3 wk ahead inc death,2021-03-13,GM09,Saarland State,quantile,0.85,11
2021-02-22,3 wk ahead inc death,2021-03-13,GM09,Saarland State,quantile,0.9,12
2021-02-22,3 wk ahead inc death,2021-03-13,GM09,Saarland State,quantile,0.95,12
2021-02-22,3 wk ahead inc death,2021-03-13,GM09,Saarland State,quantile,0.975,13
2021-02-22,3 wk ahead inc death,2021-03-13,GM09,Saarland State,quantile,0.99,13
2021-02-22,4 wk ahead inc death,2021-03-20,GM09,Saarland State,point,NA,6
2021-02-22,4 wk ahead inc death,2021-03-20,GM09,Saarland State,quantile,0.01,2
2021-02-22,4 wk ahead inc death,2021-03-20,GM09,Saarland State,quantile,0.025,3
2021-02-22,4 wk ahead inc death,2021-03-20,GM09,Saarland State,quantile,0.05,3
2021-02-22,4 wk ahead inc death,2021-03-20,GM09,Saarland State,quantile,0.1,4
2021-02-22,4 wk ahead inc death,2021-03-20,GM09,Saarland State,quantile,0.15,4
2021-02-22,4 wk ahead inc death,2021-03-20,GM09,Saarland State,quantile,0.2,4
2021-02-22,4 wk ahead inc death,2021-03-20,GM09,Saarland State,quantile,0.25,5
2021-02-22,4 wk ahead inc death,2021-03-20,GM09,Saarland State,quantile,0.3,5
2021-02-22,4 wk ahead inc death,2021-03-20,GM09,Saarland State,quantile,0.35,5
2021-02-22,4 wk ahead inc death,2021-03-20,GM09,Saarland State,quantile,0.4,5
2021-02-22,4 wk ahead inc death,2021-03-20,GM09,Saarland State,quantile,0.45,6
2021-02-22,4 wk ahead inc death,2021-03-20,GM09,Saarland State,quantile,0.5,6
2021-02-22,4 wk ahead inc death,2021-03-20,GM09,Saarland State,quantile,0.55,6
2021-02-22,4 wk ahead inc death,2021-03-20,GM09,Saarland State,quantile,0.6,7
2021-02-22,4 wk ahead inc death,2021-03-20,GM09,Saarland State,quantile,0.65,7
2021-02-22,4 wk ahead inc death,2021-03-20,GM09,Saarland State,quantile,0.7,7
2021-02-22,4 wk ahead inc death,2021-03-20,GM09,Saarland State,quantile,0.75,7
2021-02-22,4 wk ahead inc death,2021-03-20,GM09,Saarland State,quantile,0.8,8
2021-02-22,4 wk ahead inc death,2021-03-20,GM09,Saarland State,quantile,0.85,8
2021-02-22,4 wk ahead inc death,2021-03-20,GM09,Saarland State,quantile,0.9,9
2021-02-22,4 wk ahead inc death,2021-03-20,GM09,Saarland State,quantile,0.95,9
2021-02-22,4 wk ahead inc death,2021-03-20,GM09,Saarland State,quantile,0.975,10
2021-02-22,4 wk ahead inc death,2021-03-20,GM09,Saarland State,quantile,0.99,10
2021-02-22,-1 wk ahead cum death,2021-02-13,GM09,Saarland State,observed,NA,814
2021-02-22,0 wk ahead cum death,2021-02-20,GM09,Saarland State,observed,NA,848
2021-02-22,1 wk ahead cum death,2021-02-27,GM09,Saarland State,point,NA,867
2021-02-22,1 wk ahead cum death,2021-02-27,GM09,Saarland State,quantile,0.01,864
2021-02-22,1 wk ahead cum death,2021-02-27,GM09,Saarland State,quantile,0.025,864
2021-02-22,1 wk ahead cum death,2021-02-27,GM09,Saarland State,quantile,0.05,865
2021-02-22,1 wk ahead cum death,2021-02-27,GM09,Saarland State,quantile,0.1,865
2021-02-22,1 wk ahead cum death,2021-02-27,GM09,Saarland State,quantile,0.15,865
2021-02-22,1 wk ahead cum death,2021-02-27,GM09,Saarland State,quantile,0.2,866
2021-02-22,1 wk ahead cum death,2021-02-27,GM09,Saarland State,quantile,0.25,866
2021-02-22,1 wk ahead cum death,2021-02-27,GM09,Saarland State,quantile,0.3,866
2021-02-22,1 wk ahead cum death,2021-02-27,GM09,Saarland State,quantile,0.35,866
2021-02-22,1 wk ahead cum death,2021-02-27,GM09,Saarland State,quantile,0.4,867
2021-02-22,1 wk ahead cum death,2021-02-27,GM09,Saarland State,quantile,0.45,867
2021-02-22,1 wk ahead cum death,2021-02-27,GM09,Saarland State,quantile,0.5,867
2021-02-22,1 wk ahead cum death,2021-02-27,GM09,Saarland State,quantile,0.55,867
2021-02-22,1 wk ahead cum death,2021-02-27,GM09,Saarland State,quantile,0.6,867
2021-02-22,1 wk ahead cum death,2021-02-27,GM09,Saarland State,quantile,0.65,867
2021-02-22,1 wk ahead cum death,2021-02-27,GM09,Saarland State,quantile,0.7,867
2021-02-22,1 wk ahead cum death,2021-02-27,GM09,Saarland State,quantile,0.75,868
2021-02-22,1 wk ahead cum death,2021-02-27,GM09,Saarland State,quantile,0.8,868
2021-02-22,1 wk ahead cum death,2021-02-27,GM09,Saarland State,quantile,0.85,868
2021-02-22,1 wk ahead cum death,2021-02-27,GM09,Saarland State,quantile,0.9,868
2021-02-22,1 wk ahead cum death,2021-02-27,GM09,Saarland State,quantile,0.95,869
2021-02-22,1 wk ahead cum death,2021-02-27,GM09,Saarland State,quantile,0.975,869
2021-02-22,1 wk ahead cum death,2021-02-27,GM09,Saarland State,quantile,0.99,870
2021-02-22,2 wk ahead cum death,2021-03-06,GM09,Saarland State,point,NA,881
2021-02-22,2 wk ahead cum death,2021-03-06,GM09,Saarland State,quantile,0.01,873
2021-02-22,2 wk ahead cum death,2021-03-06,GM09,Saarland State,quantile,0.025,874
2021-02-22,2 wk ahead cum death,2021-03-06,GM09,Saarland State,quantile,0.05,875
2021-02-22,2 wk ahead cum death,2021-03-06,GM09,Saarland State,quantile,0.1,876
2021-02-22,2 wk ahead cum death,2021-03-06,GM09,Saarland State,quantile,0.15,877
2021-02-22,2 wk ahead cum death,2021-03-06,GM09,Saarland State,quantile,0.2,877
2021-02-22,2 wk ahead cum death,2021-03-06,GM09,Saarland State,quantile,0.25,878
2021-02-22,2 wk ahead cum death,2021-03-06,GM09,Saarland State,quantile,0.3,879
2021-02-22,2 wk ahead cum death,2021-03-06,GM09,Saarland State,quantile,0.35,879
2021-02-22,2 wk ahead cum death,2021-03-06,GM09,Saarland State,quantile,0.4,880
2021-02-22,2 wk ahead cum death,2021-03-06,GM09,Saarland State,quantile,0.45,880
2021-02-22,2 wk ahead cum death,2021-03-06,GM09,Saarland State,quantile,0.5,881
2021-02-22,2 wk ahead cum death,2021-03-06,GM09,Saarland State,quantile,0.55,881
2021-02-22,2 wk ahead cum death,2021-03-06,GM09,Saarland State,quantile,0.6,881
2021-02-22,2 wk ahead cum death,2021-03-06,GM09,Saarland State,quantile,0.65,882
2021-02-22,2 wk ahead cum death,2021-03-06,GM09,Saarland State,quantile,0.7,882
2021-02-22,2 wk ahead cum death,2021-03-06,GM09,Saarland State,quantile,0.75,883
2021-02-22,2 wk ahead cum death,2021-03-06,GM09,Saarland State,quantile,0.8,883
2021-02-22,2 wk ahead cum death,2021-03-06,GM09,Saarland State,quantile,0.85,883
2021-02-22,2 wk ahead cum death,2021-03-06,GM09,Saarland State,quantile,0.9,884
2021-02-22,2 wk ahead cum death,2021-03-06,GM09,Saarland State,quantile,0.95,885
2021-02-22,2 wk ahead cum death,2021-03-06,GM09,Saarland State,quantile,0.975,886
2021-02-22,2 wk ahead cum death,2021-03-06,GM09,Saarland State,quantile,0.99,887
2021-02-22,3 wk ahead cum death,2021-03-13,GM09,Saarland State,point,NA,890
2021-02-22,3 wk ahead cum death,2021-03-13,GM09,Saarland State,quantile,0.01,878
2021-02-22,3 wk ahead cum death,2021-03-13,GM09,Saarland State,quantile,0.025,880
2021-02-22,3 wk ahead cum death,2021-03-13,GM09,Saarland State,quantile,0.05,881
2021-02-22,3 wk ahead cum death,2021-03-13,GM09,Saarland State,quantile,0.1,882
2021-02-22,3 wk ahead cum death,2021-03-13,GM09,Saarland State,quantile,0.15,884
2021-02-22,3 wk ahead cum death,2021-03-13,GM09,Saarland State,quantile,0.2,885
2021-02-22,3 wk ahead cum death,2021-03-13,GM09,Saarland State,quantile,0.25,885
2021-02-22,3 wk ahead cum death,2021-03-13,GM09,Saarland State,quantile,0.3,886
2021-02-22,3 wk ahead cum death,2021-03-13,GM09,Saarland State,quantile,0.35,887
2021-02-22,3 wk ahead cum death,2021-03-13,GM09,Saarland State,quantile,0.4,888
2021-02-22,3 wk ahead cum death,2021-03-13,GM09,Saarland State,quantile,0.45,889
2021-02-22,3 wk ahead cum death,2021-03-13,GM09,Saarland State,quantile,0.5,890
2021-02-22,3 wk ahead cum death,2021-03-13,GM09,Saarland State,quantile,0.55,890
2021-02-22,3 wk ahead cum death,2021-03-13,GM09,Saarland State,quantile,0.6,891
2021-02-22,3 wk ahead cum death,2021-03-13,GM09,Saarland State,quantile,0.65,892
2021-02-22,3 wk ahead cum death,2021-03-13,GM09,Saarland State,quantile,0.7,892
2021-02-22,3 wk ahead cum death,2021-03-13,GM09,Saarland State,quantile,0.75,893
2021-02-22,3 wk ahead cum death,2021-03-13,GM09,Saarland State,quantile,0.8,894
2021-02-22,3 wk ahead cum death,2021-03-13,GM09,Saarland State,quantile,0.85,895
2021-02-22,3 wk ahead cum death,2021-03-13,GM09,Saarland State,quantile,0.9,896
2021-02-22,3 wk ahead cum death,2021-03-13,GM09,Saarland State,quantile,0.95,897
2021-02-22,3 wk ahead cum death,2021-03-13,GM09,Saarland State,quantile,0.975,898
2021-02-22,3 wk ahead cum death,2021-03-13,GM09,Saarland State,quantile,0.99,900
2021-02-22,4 wk ahead cum death,2021-03-20,GM09,Saarland State,point,NA,896
2021-02-22,4 wk ahead cum death,2021-03-20,GM09,Saarland State,quantile,0.01,881
2021-02-22,4 wk ahead cum death,2021-03-20,GM09,Saarland State,quantile,0.025,883
2021-02-22,4 wk ahead cum death,2021-03-20,GM09,Saarland State,quantile,0.05,884
2021-02-22,4 wk ahead cum death,2021-03-20,GM09,Saarland State,quantile,0.1,886
2021-02-22,4 wk ahead cum death,2021-03-20,GM09,Saarland State,quantile,0.15,888
2021-02-22,4 wk ahead cum death,2021-03-20,GM09,Saarland State,quantile,0.2,889
2021-02-22,4 wk ahead cum death,2021-03-20,GM09,Saarland State,quantile,0.25,890
2021-02-22,4 wk ahead cum death,2021-03-20,GM09,Saarland State,quantile,0.3,891
2021-02-22,4 wk ahead cum death,2021-03-20,GM09,Saarland State,quantile,0.35,892
2021-02-22,4 wk ahead cum death,2021-03-20,GM09,Saarland State,quantile,0.4,894
2021-02-22,4 wk ahead cum death,2021-03-20,GM09,Saarland State,quantile,0.45,895
2021-02-22,4 wk ahead cum death,2021-03-20,GM09,Saarland State,quantile,0.5,896
2021-02-22,4 wk ahead cum death,2021-03-20,GM09,Saarland State,quantile,0.55,896
2021-02-22,4 wk ahead cum death,2021-03-20,GM09,Saarland State,quantile,0.6,898
2021-02-22,4 wk ahead cum death,2021-03-20,GM09,Saarland State,quantile,0.65,899
2021-02-22,4 wk ahead cum death,2021-03-20,GM09,Saarland State,quantile,0.7,899
2021-02-22,4 wk ahead cum death,2021-03-20,GM09,Saarland State,quantile,0.75,900
2021-02-22,4 wk ahead cum death,2021-03-20,GM09,Saarland State,quantile,0.8,902
2021-02-22,4 wk ahead cum death,2021-03-20,GM09,Saarland State,quantile,0.85,903
2021-02-22,4 wk ahead cum death,2021-03-20,GM09,Saarland State,quantile,0.9,904
2021-02-22,4 wk ahead cum death,2021-03-20,GM09,Saarland State,quantile,0.95,907
2021-02-22,4 wk ahead cum death,2021-03-20,GM09,Saarland State,quantile,0.975,908
2021-02-22,4 wk ahead cum death,2021-03-20,GM09,Saarland State,quantile,0.99,909
